,frn,provider_id,brand_name,location_id,technology,max_advertised_download_speed,max_advertised_upload_speed,low_latency,business_residential_code,state_usps,block_geoid,h3_res8_id,FIPS5
262387,5043195,130892,NetCarrier Telecom Inc,1310839261,50,1000000,1000000,1,B,DE,100010413002048.0,882aad5503fffff,10001.0
262380,5043195,130892,NetCarrier Telecom Inc,1062764109,50,100000,100000,1,B,DE,100030140001003.0,882aac3309fffff,10003.0
261980,3768165,130317,Xfinity,1354263560,50,2000,2000,1,B,DE,100050510161002.0,882aad3881fffff,10005.0
3668931,19066034,200014,Cogent Communication,1357082167,50,400000,400000,1,B,DC,110010107001016.0,882aa845adfffff,11001.0
265981,7472319,300150,Stratus Networks Inc,1296993591,50,10000,10000,1,B,IL,170070102001016.0,8827594517fffff,17007.0
267723,7472319,300150,Stratus Networks Inc,1138809949,50,10000,10000,1,B,IL,170119652003036.0,8826664707fffff,17011.0
428135,16555849,130982,ZAYO GROUP LLC,1326509475,50,1200000,1200000,1,B,IL,170317705002045.0,8827593425fffff,17031.0
263510,24170359,131081,Metronet Holdings,1383374273,50,10000,10000,1,B,IL,170370007001008.0,88275961d3fffff,17037.0
434895,16555849,130982,ZAYO GROUP LLC,1335970298,50,150000,150000,1,B,IL,170438446022004.0,88275926adfffff,17043.0
321688,3768165,130317,Xfinity,1088147431,50,1000,1000,1,B,IL,170630001023097.0,882666ba51fffff,17063.0
263817,24170359,131081,Metronet Holdings,1065541348,50,10000,10000,1,B,IL,170730302031018.0,882675d535fffff,17073.0
263524,7472319,300150,Stratus Networks Inc,1016674976,50,10000,10000,1,B,IL,170850205001046.0,88275bc523fffff,17085.0
360763,16555849,130982,ZAYO GROUP LLC,1348519425,50,550000,550000,1,B,IL,170898506003035.0,8827593915fffff,17089.0
290509,25942202,370068,Conxxus,1055609190,50,8000,8000,1,B,IL,170910126004065.0,882660d0a3fffff,17091.0
262722,24170359,131081,Metronet Holdings,1024753525,50,10000,10000,1,B,IL,170938904031050.0,8826668205fffff,17093.0
262925,24170359,131081,Metronet Holdings,1336782366,50,10000,10000,1,B,IL,170978641101006.0,88275914d1fffff,17097.0
262411,7472319,300150,Stratus Networks Inc,1067990035,50,10000,10000,1,B,IL,170999641001049.0,882666732bfffff,17099.0
262425,7472319,300150,Stratus Networks Inc,1090404524,50,10000,10000,1,B,IL,171030005003029.0,88275b30e3fffff,17103.0
269005,7472319,300150,Stratus Networks Inc,1140413493,50,10000,10000,1,B,IL,171059608002031.0,8826662897fffff,17105.0
287051,29626009,130258,Frontier,1355220161,50,7000,7000,1,B,IL,171118704032039.0,8827590311fffff,17111.0
262493,7472319,300150,Stratus Networks Inc,1090553858,50,10000,10000,1,B,IL,171130018002026.0,88266212d3fffff,17113.0
266740,7472319,300150,Stratus Networks Inc,1056682347,50,10000,10000,1,B,IL,171239611001026.0,8826666223fffff,17123.0
262424,7472319,300150,Stratus Networks Inc,1084688069,50,10000,10000,1,B,IL,171419607003059.0,88275bb991fffff,17141.0
262865,24170359,131081,Metronet Holdings,1314455394,50,10000,10000,1,B,IL,171610209001011.0,882675c313fffff,17161.0
263545,7472319,300150,Stratus Networks Inc,1073744284,50,10000,10000,1,B,IL,171770004002043.0,88275bc681fffff,17177.0
262528,7472319,300150,Stratus Networks Inc,1313758342,50,10000,10000,1,B,IL,171790211023009.0,8826625001fffff,17179.0
263539,7472319,300150,Stratus Networks Inc,1054163083,50,10000,10000,1,B,IL,171950008002079.0,88275b2d69fffff,17195.0
262635,24170359,131081,Metronet Holdings,1015511494,50,10000,10000,1,B,IL,171978804231047.0,88266694b7fffff,17197.0
262839,24170359,131081,Metronet Holdings,1302342160,50,10000,10000,1,B,IL,172010038062019.0,8827594115fffff,17201.0
262422,7472319,300150,Stratus Networks Inc,1079063974,50,10000,10000,1,B,IL,172030305023018.0,882662d8a7fffff,17203.0
590438,18590729,360009,Mainstream Fiber Networks LLC,1135397461,50,1000,1000,1,B,IN,180071003003089.0,882660aa35fffff,18007.0
611530,16555849,130982,ZAYO GROUP LLC,1015032233,50,10000,10000,1,B,IN,180290807003003.0,882a934d11fffff,18029.0
590750,4349734,130292,Clear Rate,1309751774,50,10000,10000,1,B,IN,180390023003025.0,88274b0f07fffff,18039.0
602997,16555849,130982,"Zayo Network Services, LLC",1045150451,50,20000,20000,1,B,IN,180530102003017.0,882665acbdfffff,18053.0
614746,3768165,130317,Xfinity,1142749423,50,1000,1000,1,B,IN,180759633001002.0,882a929821fffff,18075.0
590497,24170359,131081,Metronet Holdings,1105599367,50,10000,10000,1,B,IN,180779660002035.0,88266cad89fffff,18077.0
590340,15561350,130586,Central Indiana Communications Inc,1313746818,50,10000,10000,1,B,IN,180950114003050.0,882a925499fffff,18095.0
590634,29626009,130258,Frontier,1133613781,50,7000,7000,1,B,IN,181359517002024.0,882a928557fffff,18135.0
591208,8538555,370064,ACD.net,1303867522,50,100000,100000,1,B,IN,181410017002024.0,88274b44c1fffff,18141.0
622028,16555849,130982,"Zayo Network Services, LLC",1063448147,50,10000,10000,1,B,IN,181479527012036.0,8826684b1bfffff,18147.0
590895,15561350,130586,Central Indiana Communications Inc,1070475587,50,10000,10000,1,B,IN,181770106004033.0,882a92332dfffff,18177.0
590441,24170359,131081,Metronet Holdings,1012910826,50,10000,10000,1,B,IN,181819586005012.0,882665473bfffff,18181.0
631252,16555849,130982,"Zayo Network Services, LLC",1037519385,50,10000,10000,1,B,IN,181830506002005.0,882a965031fffff,18183.0
639055,12486437,130254,altafiber Network Solutions,1300487378,50,3000,1000,1,B,KY,210150704052008.0,882a937a47fffff,21015.0
643362,12486437,130254,altafiber Network Solutions,1300277288,50,2000,1000,1,B,KY,210239502002031.0,882a932ec7fffff,21023.0
639253,25646373,130235,Spectrum,1301277783,50,1000,1000,1,B,KY,210490206002015.0,88266da487fffff,21049.0
638983,3752730,130668,Irvine Community Television Inc,1300166387,50,2000,2000,1,B,KY,210659203022000.0,882a9ac6e7fffff,21065.0
639052,12486437,130254,altafiber Network Solutions,1300035631,50,2000,1000,1,B,KY,210819202021007.0,88266d916bfffff,21081.0
644941,25646373,130235,Spectrum,1300100113,50,1000,500,1,B,KY,210890401002022.0,882a9c4e17fffff,21089.0
672349,3768165,130317,Xfinity,1604378083,50,5000,5000,1,B,KY,210930015002010.0,8826683437fffff,21093.0
638985,12486437,130254,altafiber Network Solutions,1299982266,50,3000,1000,1,B,KY,211170653005060.0,882a930dd7fffff,21117.0
680819,3768165,130317,Xfinity,1301039253,50,10000,10000,1,B,KY,211259703001036.0,882a9a75b5fffff,21125.0
670810,25646373,130235,Spectrum,1300270482,50,1000,1000,1,B,KY,211619605001039.0,882a9e50b1fffff,21161.0
640227,25646373,130235,Spectrum,1300725587,50,1000,1000,1,B,KY,211679604001022.0,88266d2897fffff,21167.0
641070,25646373,130235,Spectrum,1301273092,50,1000,1000,1,B,KY,211850308013007.0,88266d5985fffff,21185.0
639127,12486437,130254,altafiber Network Solutions,1301200693,50,3000,1000,1,B,KY,211919301022017.0,882a9329a9fffff,21191.0
639518,25646373,130235,Spectrum,1300991921,50,1000,1000,1,B,KY,211999305062011.0,882669a4d9fffff,21199.0
642319,25646373,130235,Spectrum,1301103743,50,1000,1000,1,B,KY,212059502021037.0,882a9e3b1dfffff,21205.0
666468,3768165,130317,Xfinity,1606060780,50,1000,1000,1,B,KY,212179204023002.0,8826690363fffff,21217.0
51742,3510195,130370,Lightpath,1346111421,50,10000,10000,1,B,MD,240037515004000.0,882aa85607fffff,24003.0
51314,3510195,130370,Lightpath,1335002617,50,10000,10000,1,B,MD,240054514021003.0,882aa8d6e7fffff,24005.0
97550,3768165,130317,Xfinity,1048772882,50,1000,1000,1,B,MD,240098607011047.0,882aab924dfffff,24009.0
51782,3510195,130370,Lightpath,1109829089,50,10000,10000,1,B,MD,240135010022010.0,882aae04ebfffff,24013.0
51179,3510195,130370,Lightpath,1297536412,50,10000,10000,1,B,MD,240150305031015.0,882aac3ae7fffff,24015.0
66050,3768165,130317,Xfinity,1051566361,50,1000,1000,1,B,MD,240178509011009.0,882aa860bbfffff,24017.0
52817,3768165,130317,Xfinity,1088668531,50,1000,1000,1,B,MD,240199702001043.0,882aa9d303fffff,24019.0
51148,3510195,130370,Lightpath,1068045241,50,10000,10000,1,B,MD,240217523023007.0,882aaa92e1fffff,24021.0
55152,3768165,130317,Xfinity,1065474181,50,500,500,1,B,MD,240230002001014.0,882a854553fffff,24023.0
51175,3510195,130370,Lightpath,1130455633,50,10000,10000,1,B,MD,240253024002012.0,882aac6407fffff,24025.0
51281,3510195,130370,Lightpath,1311116451,50,10000,10000,1,B,MD,240276012032015.0,882aa8cc13fffff,24027.0
196087,30110761,450109,RiverNet,1094659021,50,1000,1000,1,B,MD,240299501001020.0,882aac2c39fffff,24029.0
214239,19066034,200014,Cogent Communication,1338840694,50,100000,100000,1,B,MD,240317014252000.0,882aa842cbfffff,24031.0
109298,16555849,130982,ZAYO GROUP LLC,1337588851,50,550000,550000,1,B,MD,240338074083025.0,882aa855c9fffff,24033.0
61380,15336449,280001,Breezeline,1027270233,50,1000,1000,1,B,MD,240358108004009.0,882aa81613fffff,24035.0
55505,30533236,440197,Simple Fiber,1527592857,50,1000,1000,1,B,MD,240399301012037.0,882aa910e7fffff,24039.0
61367,15336449,280001,Breezeline,1023270211,50,1000,1000,1,B,MD,240419607004005.0,882aa8a887fffff,24041.0
51493,2154367,131167,Antietam Cable,1546457926,50,10000,10000,1,B,MD,240430001001026.0,882aae7117fffff,24043.0
97554,3768165,130317,Xfinity,1115375671,50,10000,10000,1,B,MD,240450107033049.0,882aa98a2dfffff,24045.0
196973,3768165,130317,Xfinity,1293683378,50,2000,2000,1,B,MD,240479501001017.0,882a1a593bfffff,24047.0
94071,16555849,130982,ZAYO GROUP LLC,1035304375,50,150000,150000,1,B,MD,245100401004020.0,882aa8c2b3fffff,24510.0
744675,8538555,370064,ACD.net,1310373468,50,100000,100000,1,B,MI,260210025002035.0,88274a34b7fffff,26021.0
744690,8538555,370064,ACD.net,1087205161,50,100000,100000,1,B,MI,260270019012027.0,88274bcc21fffff,26027.0
744681,8538555,370064,ACD.net,1068801164,50,100000,100000,1,B,MI,261490411023008.0,88274b8d57fffff,26149.0
2314010,5043195,130892,NetCarrier Telecom Inc,1606148686,50,1000000,1000000,1,B,NJ,340010024002003.0,882a132c95fffff,34001.0
1660369,5043195,130892,NetCarrier Telecom Inc,1081905536,50,5000000,5000000,1,B,NJ,340030513006002.0,882a1046d7fffff,34003.0
1969841,5043195,130892,NetCarrier Telecom Inc,1343947538,50,1000000,1000000,1,B,NJ,340057040091010.0,882a1344edfffff,34005.0
1518872,5043195,130892,NetCarrier Telecom Inc,1346539984,50,100000,100000,1,B,NJ,340076039021018.0,882a134c11fffff,34007.0
1113672,3768165,130317,Xfinity,1356239440,50,6000,6000,1,B,NJ,340090217012005.0,882aad1487fffff,34009.0
1670465,3768165,130317,Xfinity,1312437185,50,10000,10000,1,B,NJ,340110302002006.0,882aadd457fffff,34011.0
1196306,5043195,130892,NetCarrier Telecom Inc,1348772428,50,100000,100000,1,B,NJ,340130216015036.0,882a104525fffff,34013.0
1858937,3768165,130317,Xfinity,1093954441,50,10000,10000,1,B,NJ,340155020026001.0,882aacb49dfffff,34015.0
1305495,16555849,130982,ZAYO GROUP LLC,1306896691,50,1200000,1200000,1,B,NJ,340170199002024.0,882a107359fffff,34017.0
752488,3510195,130370,Lightpath,1107147509,50,10000,10000,1,B,NJ,340190113052002.0,882a123601fffff,34019.0
749610,3510195,130370,Lightpath,1138435852,50,10000,10000,1,B,NJ,340210029022003.0,882a13cf0bfffff,34021.0
784196,5043195,130892,NetCarrier Telecom Inc,1339585920,50,1000000,1000000,1,B,NJ,340230051001000.0,882a13d267fffff,34023.0
1832219,19066034,200014,Cogent Communication,1394518731,50,100000,100000,1,B,NJ,340258085012013.0,882a13808dfffff,34025.0
998564,4339768,300113,"Orange Business Services U.S., Inc.",1351739073,50,100000,100000,1,B,NJ,340270418033005.0,882a104c6bfffff,34027.0
750296,3510195,130370,Lightpath,1317913865,50,10000,10000,1,B,NJ,340297236002028.0,882a13b923fffff,34029.0
2062769,16555849,130982,ZAYO GROUP LLC,1303693726,50,1200000,1200000,1,B,NJ,340311244022003.0,882a10468dfffff,34031.0
1895306,3768165,130317,Xfinity,1394310203,50,10000,10000,1,B,NJ,340330213002015.0,882aacacd5fffff,34033.0
2184133,16555849,130982,ZAYO GROUP LLC,1304644128,50,60000,60000,1,B,NJ,340350509022001.0,882a12a45bfffff,34035.0
750225,3510195,130370,Lightpath,1313230275,50,10000,10000,1,B,NJ,340373718021004.0,882a162d37fffff,34037.0
749515,3510195,130370,Lightpath,1092635165,50,10000,10000,1,B,NJ,340390397003005.0,882a106869fffff,34039.0
749576,3510195,130370,Lightpath,1098869616,50,10000,10000,1,B,NJ,340410312004042.0,882a1212abfffff,34041.0
2336628,30279178,380110,Fybe,1140853218,50,2000,2000,1,B,NC,370159604022035.0,882af22ac3fffff,37015.0
2336633,5000492,240022,Peachtree Broadband Fiber,1063939014,50,1000,1000,1,B,NC,370399305021015.0,8844ce2289fffff,37039.0
2336647,1844554,300086,NCREN,1122462175,50,3000,3000,1,B,NC,370419301013024.0,882af2add5fffff,37041.0
2336646,32006249,450093,Ripple Fiber,1091456926,50,2000,2000,1,B,NC,370531101011093.0,882af008c5fffff,37053.0
2338038,1844554,300086,NCREN,1294556548,50,11000,11000,1,B,NC,370559703022000.0,882af02ae3fffff,37055.0
2336623,30279178,380110,Fybe,1103847372,50,2000,2000,1,B,NC,370739703001021.0,882af28ab7fffff,37073.0
2337234,1844554,300086,NCREN,1043459362,50,11000,11000,1,B,NC,370839301001023.0,882af24a39fffff,37083.0
2336625,30279178,380110,Fybe,1117988611,50,2000,2000,1,B,NC,370919503002029.0,882af20f29fffff,37091.0
2336688,32006249,450093,Ripple Fiber,1083850937,50,2000,2000,1,B,NC,371179703004015.0,882ad49233fffff,37117.0
2336621,30279178,380110,Fybe,1069034285,50,2000,2000,1,B,NC,371319202023006.0,882af20949fffff,37131.0
2336755,1844554,300086,NCREN,1287930278,50,10000,10000,1,B,NC,371399602004016.0,882af04cbbfffff,37139.0
2336635,25646373,130235,Spectrum,1287906050,50,1000,500,1,B,NC,371439201011015.0,882af2babdfffff,37143.0
2337616,1844554,300086,NCREN,1015922102,50,1000,1000,1,B,NC,371879503002001.0,882af3c92dfffff,37187.0
2343606,27345693,490064,Everstream,1311830391,50,1000,1000,1,B,OH,390070012021032.0,882ab1d0cdfffff,39007.0
2369606,4328688,130903,NKTelco,1288057608,50,1000,1000,1,B,OH,390110411002001.0,882a90c14bfffff,39011.0
2471577,29626009,130258,Frontier,1002784469,50,7000,7000,1,B,OH,390159514002003.0,882a93a43bfffff,39015.0
2862140,25619222,380177,Xiber LLC,1606218669,50,10000,10000,1,B,OH,390170111261001.0,882a931159fffff,39017.0
2347986,29626009,130258,Frontier,1001904184,50,7000,7000,1,B,OH,390197205004002.0,882a861131fffff,39019.0
2342326,24170359,131081,Metronet Holdings,1314107232,50,10000,10000,1,B,OH,390230029023001.0,882a907613fffff,39023.0
2600749,28719698,420073,Little Miami Gig,1309509382,50,10000,10000,1,B,OH,390250401011001.0,882a93b84bfffff,39025.0
2401309,29626009,130258,Frontier,1005484649,50,7000,7000,1,B,OH,390299510004019.0,882a86c60bfffff,39029.0
2356740,32580888,480067,Omni Fiber,1002392172,50,10000,10000,1,B,OH,390339745002029.0,882a943619fffff,39033.0
2383919,16555849,130982,ZAYO GROUP LLC,1365034039,50,100000,100000,1,B,OH,390351078021036.0,882ab381bbfffff,39035.0
2360402,32580888,480067,Omni Fiber,1002058180,50,10000,10000,1,B,OH,390375501002068.0,882a904f29fffff,39037.0
2344728,32580888,480067,Omni Fiber,1001609836,50,10000,10000,1,B,OH,390399588004038.0,882a969415fffff,39039.0
2342413,32580888,480067,Omni Fiber,1298127188,50,10000,10000,1,B,OH,390430409002015.0,882ab359ebfffff,39043.0
2405732,16555849,130982,ZAYO GROUP LLC,1320750378,50,400000,400000,1,B,OH,390490070483023.0,882a957803fffff,39049.0
2348010,32580888,480067,Omni Fiber,1001307048,50,10000,10000,1,B,OH,390510406002050.0,88274922ebfffff,39051.0
2376870,25646373,130235,Spectrum,1606213501,50,1000,500,1,B,OH,390539536001030.0,882a9cda95fffff,39053.0
2342322,24170359,131081,Metronet Holdings,1005393022,50,10000,10000,1,B,OH,390572101012042.0,882a902925fffff,39057.0
2342410,29626009,130258,Frontier,1294446461,50,5000,5000,1,B,OH,390599774003047.0,882a866d09fffff,39059.0
2685669,19066034,200014,Cogent Communication,1317612619,50,100000,100000,1,B,OH,390610254012000.0,882a9301ddfffff,39061.0
2342238,24170359,131081,Metronet Holdings,1002838367,50,10000,10000,1,B,OH,390630009011009.0,882a940999fffff,39063.0
2364600,29626009,130258,Frontier,1001520171,50,7000,7000,1,B,OH,390650001002006.0,882a942b65fffff,39065.0
2373618,13194675,180058,CNI Fiber,1288082130,50,1000,1000,1,B,OH,390690004001018.0,88274925c7fffff,39069.0
2664678,29626009,130258,Frontier,1002443547,50,7000,7000,1,B,OH,390719548003008.0,882a914cb3fffff,39071.0
2346335,32580888,480067,Omni Fiber,1003024094,50,10000,10000,1,B,OH,390779160003008.0,882ab349a3fffff,39077.0
2344719,29626009,130258,Frontier,1004325740,50,7000,7000,1,B,OH,390810123001047.0,882a86adabfffff,39081.0
2855355,25619222,380177,Xiber LLC,1006091287,50,2000,2000,1,B,OH,390852015002003.0,882ab3962dfffff,39085.0
2342424,3765617,130071,ArmstrongUtilitiesInc,1004087399,50,1000,1000,1,B,OH,390870510011019.0,882a9c7b5bfffff,39087.0
2367028,27345693,490064,Everstream,1414267757,50,1000,1000,1,B,OH,390897583002036.0,882a952a11fffff,39089.0
2412621,4328688,130903,NKTelco,1294399432,50,1000,1000,1,B,OH,390910047003021.0,882a9085a3fffff,39091.0
2409344,25406257,460684,GLW Broadband,1350224558,50,10000,10000,1,B,OH,390930601001019.0,882ab30b19fffff,39093.0
2342492,8538555,370064,ACD.net,1007341274,50,100000,100000,1,B,OH,390950060002020.0,882a94d305fffff,39095.0
2372545,32580888,480067,Omni Fiber,1001231037,50,10000,10000,1,B,OH,390970407001010.0,882a90ac8bfffff,39097.0
2344749,35676576,130403,lumos,1006554068,50,5000,5000,1,B,OH,390998137003000.0,882ab176b3fffff,39099.0
2343613,29626009,130258,Frontier,1294518810,50,7000,7000,1,B,OH,391010104002010.0,882a955a69fffff,39101.0
2343617,32580888,480067,Omni Fiber,1005652160,50,10000,10000,1,B,OH,391034170013010.0,882ab33023fffff,39103.0
2342409,29626009,130258,Frontier,1002016295,50,7000,7000,1,B,OH,391059644003014.0,882a9cd649fffff,39105.0
2349359,4328688,130903,NKTelco,1288111361,50,1000,1000,1,B,OH,391079674004032.0,882a962741fffff,39107.0
2342281,24170359,131081,Metronet Holdings,1003921513,50,10000,10000,1,B,OH,391093653023019.0,882a907043fffff,39109.0
2978387,18539593,170047,GMN Wireless Broadband,1000760663,50,500,500,1,B,OH,391119668001002.0,882a8295cdfffff,39111.0
2389029,19066034,200014,Cogent Communication,1335351001,50,100000,100000,1,B,OH,391130501063001.0,882a93983dfffff,39113.0
2343542,25646373,130235,Spectrum,1004453633,50,1000,500,1,B,OH,391199128003034.0,882a82d005fffff,39119.0
2343619,32580888,480067,Omni Fiber,1298263600,50,10000,10000,1,B,OH,391230502021002.0,882ab22c31fffff,39123.0
2535955,13194675,180058,CNI Fiber,1288100692,50,1000,1000,1,B,OH,391259601001100.0,882a96852bfffff,39125.0
2342357,25646373,130235,Spectrum,1001739353,50,1000,500,1,B,OH,391279660003022.0,882a825345fffff,39127.0
2356723,29626009,130258,Frontier,1001933263,50,7000,7000,1,B,OH,391290202001000.0,882a9189cdfffff,39129.0
2343636,5051560,130543,Glandorf Internet,1001975571,50,2000,2000,1,B,OH,391370303011027.0,882a944c13fffff,39137.0
2344737,32580888,480067,Omni Fiber,1313605379,50,10000,10000,1,B,OH,391390026003002.0,882a95d343fffff,39139.0
2351027,25646373,130235,Spectrum,1003312528,50,1000,500,1,B,OH,391419567001017.0,882a910721fffff,39141.0
2348013,32580888,480067,Omni Fiber,1002275928,50,10000,10000,1,B,OH,391439616001027.0,882a948191fffff,39143.0
2365631,29626009,130258,Frontier,1004162877,50,7000,7000,1,B,OH,391450025002014.0,882a912d11fffff,39145.0
2343539,25646373,130235,Spectrum,1002110608,50,1000,500,1,B,OH,391499717001024.0,882a90cdcbfffff,39149.0
2440858,16555849,130982,"Zayo Network Services, LLC",1007075883,50,100000,100000,1,B,OH,391517139001003.0,882a86c91dfffff,39151.0
2355165,24170359,131081,Metronet Holdings,1007664144,50,10000,10000,1,B,OH,391535304022006.0,882ab3a013fffff,39153.0
2352671,32580888,480067,Omni Fiber,1356105436,50,10000,10000,1,B,OH,391559314002007.0,882ab13b6dfffff,39155.0
2342411,32580888,480067,Omni Fiber,1004733151,50,10000,10000,1,B,OH,391570201001070.0,882a8650e3fffff,39157.0
2389152,29626009,130258,Frontier,1298369061,50,7000,7000,1,B,OH,391590501003012.0,882a954b45fffff,39159.0
2471428,13194675,180058,CNI Fiber,1000857877,50,1000,1000,1,B,OH,391610202004007.0,882a96a93bfffff,39161.0
2416574,29626009,130258,Frontier,1687400168,50,7000,7000,1,B,OH,391639531005030.0,882a91ae3bfffff,39163.0
2438330,29626009,130258,Frontier,1004653539,50,5000,5000,1,B,OH,391670213002024.0,882a82034bfffff,39167.0
2398062,32580888,480067,Omni Fiber,1004132690,50,10000,10000,1,B,OH,391690008003027.0,882ab32f6bfffff,39169.0
2369560,29626009,130258,Frontier,1001361013,50,7000,7000,1,B,OH,391719503002000.0,88274975b3fffff,39171.0
2346360,8538555,370064,ACD.net,1314823947,50,100000,100000,1,B,OH,391730206022012.0,882a94c22dfffff,39173.0
2349334,32580888,480067,Omni Fiber,1000921599,50,10000,10000,1,B,OH,391759383003000.0,882a94234dfffff,39175.0
3023114,3510195,130370,Lightpath,1100285705,50,10000,10000,1,B,PA,420010312021018.0,882aaea963fffff,42001.0
3422259,16555849,130982,ZAYO GROUP LLC,1365437167,50,450000,450000,1,B,PA,420035627002005.0,882a844493fffff,42003.0
3309234,7494776,130335,Fidium Fiber,1294988030,50,2000,2000,1,B,PA,420059519001011.0,882a841a81fffff,42005.0
3157279,32580888,480067,Omni Fiber,1099227987,50,10000,10000,1,B,PA,420076058002004.0,882ab125b9fffff,42007.0
3342454,5043195,130892,NetCarrier Telecom Inc,1352991025,50,1000000,1000000,1,B,PA,420110026001025.0,882aacd0b9fffff,42011.0
3403257,3768165,130317,Xfinity,1055256879,50,2000,2000,1,B,PA,420130113003017.0,882aa32965fffff,42013.0
3051042,6097711,130993,FirstLight Fiber,1053189251,50,10000,10000,1,B,PA,420159511001077.0,882aa50a89fffff,42015.0
3025279,5043195,130892,NetCarrier Telecom Inc,1342345764,50,1000000,1000000,1,B,PA,420171006002003.0,882a13509bfffff,42017.0
3377262,3768165,130317,Xfinity,1094610359,50,2000,2000,1,B,PA,420210120001010.0,882aa34421fffff,42021.0
3541305,29626009,130258,Frontier,1074525177,50,5000,5000,1,B,PA,420250202021041.0,882a124801fffff,42025.0
3503770,3768165,130317,Xfinity,1068964558,50,10000,10000,1,B,PA,420270117023030.0,882aa38ebdfffff,42027.0
3157114,5043195,130892,NetCarrier Telecom Inc,1349583467,50,1000000,1000000,1,B,PA,420293017001028.0,882aac8819fffff,42029.0
3235534,24368151,300044,DQE Communications LLC,1087057238,50,1000,1000,1,B,PA,420311607012041.0,882a84d717fffff,42031.0
3196634,3768165,130317,Xfinity,1105999044,50,2000,2000,1,B,PA,420333303001054.0,882aa235e7fffff,42033.0
3084171,3768165,130317,Xfinity,1308171389,50,10000,10000,1,B,PA,420410113041028.0,882aae9107fffff,42041.0
3086702,3768165,130317,Xfinity,1302876400,50,10000,10000,1,B,PA,420430241054016.0,882aa12f15fffff,42043.0
3455330,5043195,130892,NetCarrier Telecom Inc,1120415025,50,100000,100000,1,B,PA,420454041032020.0,882aacb1dbfffff,42045.0
3092709,16555849,130982,"Zayo Network Services, LLC",1302731034,50,20000,20000,1,B,PA,420490001001017.0,882ab57449fffff,42049.0
3048615,32580888,480067,Omni Fiber,1049833313,50,10000,10000,1,B,PA,420512623001052.0,882a809533fffff,42051.0
3102183,29626009,130258,Frontier,1029670920,50,7000,7000,1,B,PA,420550120011032.0,882aae0b1dfffff,42055.0
3027998,29626009,130258,Frontier,1061547245,50,7000,7000,1,B,PA,420579603003020.0,882a85b029fffff,42057.0
3030384,24368151,300044,DQE Communications LLC,1102773955,50,1000,1000,1,B,PA,420599705013094.0,882a808901fffff,42059.0
3453654,3768165,130317,Xfinity,1059370506,50,2000,2000,1,B,PA,420619504004045.0,882aa304d1fffff,42061.0
3528061,3768165,130317,Xfinity,1024484095,50,3000,3000,1,B,PA,420639611021011.0,882a84ba15fffff,42063.0
3365329,6097711,130993,FirstLight Fiber,1306786785,50,100000,100000,1,B,PA,420691105001016.0,882aa5a897fffff,42069.0
3022217,3510195,130370,Lightpath,1346176950,50,10000,10000,1,B,PA,420710121051006.0,882aac5241fffff,42071.0
3022612,32580888,480067,Omni Fiber,1023942047,50,10000,10000,1,B,PA,420730118001017.0,882ab125abfffff,42073.0
3273127,6097711,130993,FirstLight Fiber,1295190579,50,100000,100000,1,B,PA,420750001001003.0,882aa13589fffff,42075.0
3551304,16555849,130982,"Zayo Network Services, LLC",1100116082,50,125000,125000,1,B,PA,420792010001016.0,882aa52725fffff,42079.0
3450704,6097711,130993,FirstLight Fiber,1139840505,50,10000,10000,1,B,PA,420810101001134.0,882aa0aa85fffff,42081.0
3029035,29626009,130258,Frontier,1304080760,50,7000,7000,1,B,PA,420893003122013.0,882a12cd65fffff,42089.0
3167640,5043195,130892,NetCarrier Telecom Inc,1334341714,50,1000000,1000000,1,B,PA,420912009013003.0,882a122d87fffff,42091.0
3095496,11548526,131026,PenTeleData,1018603836,50,1000,1000,1,B,PA,420930504001030.0,882aa189c9fffff,42093.0
3474196,19066034,200014,Cogent Communication,1074236032,50,100000,100000,1,B,PA,420950177041001.0,882a120c23fffff,42095.0
3022461,11548526,131026,PenTeleData,1295262878,50,1000,1000,1,B,PA,420970819002071.0,882aa118b5fffff,42097.0
3130123,5043195,130892,NetCarrier Telecom Inc,1528415829,50,1000000,1000000,1,B,PA,421019804001000.0,882aacb2bdfffff,42101.0
3212138,11548526,131026,PenTeleData,1063077157,50,1000,1000,1,B,PA,421059501022000.0,882aa0c465fffff,42105.0
3027994,29626009,130258,Frontier,1034729496,50,7000,7000,1,B,PA,421070012002002.0,882aa1a929fffff,42107.0
3022457,11548526,131026,PenTeleData,1067011882,50,1000,1000,1,B,PA,421090706001049.0,882aa10841fffff,42109.0
3251734,3768165,130317,Xfinity,1017709640,50,10000,10000,1,B,PA,421110210003004.0,882a85cd4dfffff,42111.0
3265726,6097711,130993,FirstLight Fiber,1050813062,50,10000,10000,1,B,PA,421150329021015.0,882aa5b197fffff,42115.0
3061837,6097711,130993,FirstLight Fiber,1474704214,50,100000,100000,1,B,PA,421179507004051.0,882aa08ee5fffff,42117.0
3482132,11548526,131026,PenTeleData,1119144066,50,1000,1000,1,B,PA,421190905021017.0,882aa1cdb9fffff,42119.0
3226580,15336449,280001,Breezeline,1062193689,50,1000,600,1,B,PA,421212011001018.0,882aa27a13fffff,42121.0
3023605,13613161,360103,WestPAnet,1135678268,50,1000,1000,1,B,PA,421239706002017.0,882aa2c2b5fffff,42123.0
3369839,16555849,130982,"Zayo Network Services, LLC",1302565977,50,20000,20000,1,B,PA,421257921001038.0,882a809a01fffff,42125.0
3077452,6097711,130993,FirstLight Fiber,1038260773,50,10000,10000,1,B,PA,421279609001012.0,882aa5b537fffff,42127.0
3255851,3768165,130317,Xfinity,1373274159,50,5000,5000,1,B,PA,421298074042010.0,882a843033fffff,42129.0
3238998,6097711,130993,FirstLight Fiber,1476775964,50,10000,10000,1,B,PA,421314001001077.0,882aa5056dfffff,42131.0
3022011,3510195,130370,Lightpath,1043172565,50,10000,10000,1,B,PA,421330102101002.0,882aac4829fffff,42133.0
31,19703131,300049,Eastern Shore of Virginia Broadband Authority,1299040364,50,20000,20000,1,B,VA,510011000000000.0,882aa92cc7fffff,51001.0
181,3775244,130403,lumos,1000720446,50,5000,5000,1,B,VA,510051000000000.0,882a8e01a9fffff,51005.0
21220,3768165,130317,Xfinity,1001383678,50,200,200,1,B,VA,510090000000000.0,882a88d093fffff,51009.0
1301,3775244,130403,lumos,1000095601,50,5000,5000,1,B,VA,510179000000000.0,882a8e172dfffff,51017.0
2527,3775244,130403,lumos,1296105165,50,5000,5000,1,B,VA,510190000000000.0,882a88c1d3fffff,51019.0
42868,3768165,130317,Xfinity,1000429777,50,100,100,1,B,VA,510299000000000.0,882a8c28c9fffff,51029.0
26266,3768165,130317,Xfinity,1002741637,50,200,200,1,B,VA,510310000000000.0,882a8819bdfffff,51031.0
2531,14817357,350042,UPN,1001165243,50,10000,10000,1,B,VA,510330000000000.0,882aab445bfffff,51033.0
18333,25646373,130235,Spectrum,1002299597,50,1000,500,1,B,VA,510351000000000.0,882a8a6097fffff,51035.0
2485,3768165,130317,Xfinity,1000151755,50,1000,1000,1,B,VA,510366000000000.0,882af64b19fffff,51036.0
27424,3768165,130317,Xfinity,1000529307,50,35,35,1,B,VA,510379000000000.0,882a88b2bdfffff,51037.0
25836,3768165,130317,Xfinity,1006806078,50,10000,10000,1,B,VA,510411000000000.0,882a8d8ccbfffff,51041.0
822,3768165,130317,Xfinity,1000234305,50,500,500,1,B,VA,510430000000000.0,882aaac449fffff,51043.0
1702,3768165,130317,Xfinity,1408634355,50,1000,1000,1,B,VA,510479000000000.0,882aaa28ebfffff,51047.0
5760,3768165,130317,Xfinity,1000984713,50,400,400,1,B,VA,510538000000000.0,882a8db96dfffff,51053.0
25460,16555849,130982,ZAYO GROUP LLC,1341754009,50,100000,100000,1,B,VA,510595000000000.0,882aaab33bfffff,51059.0
33396,3768165,130317,Xfinity,1604184590,50,1000,1000,1,B,VA,510619000000000.0,882aaa04cbfffff,51061.0
4771,3768165,130317,Xfinity,1000685099,50,8000,8000,1,B,VA,510650000000000.0,882a8ca9c7fffff,51065.0
40119,3768165,130317,Xfinity,1298942791,50,1000,1000,1,B,VA,510691000000000.0,882aaacc01fffff,51069.0
4133,1834696,130360,Cox Communications,1001537087,50,2000,2000,1,B,VA,510731000000000.0,882af61b6bfffff,51073.0
12985,3768165,130317,Xfinity,1000749497,50,2000,2000,1,B,VA,510754000000000.0,882aab6ca7fffff,51075.0
29,18473223,260062,"GigaBeam Networks, LLC",1001018209,50,2000,2000,1,B,VA,510771000000000.0,882a99aab7fffff,51077.0
752,25646373,130235,Spectrum,1000221758,50,1000,500,1,B,VA,510819000000000.0,882a8d2583fffff,51081.0
1973,25646373,130235,Spectrum,1002328309,50,1000,500,1,B,VA,510839000000000.0,882a882c31fffff,51083.0
174,3768165,130317,Xfinity,1003695462,50,1000,1000,1,B,VA,510853000000000.0,882aab672bfffff,51085.0
904,16555849,130982,ZAYO GROUP LLC,1306214413,50,16000,16000,1,B,VA,510872000000000.0,882a8d92b1fffff,51087.0
2131,3768165,130317,Xfinity,1003019115,50,500,500,1,B,VA,510890000000000.0,882a8aaec5fffff,51089.0
1972,25646373,130235,Spectrum,1001055797,50,1000,500,1,B,VA,510933000000000.0,882af66ed7fffff,51093.0
2824,1834696,130360,Cox Communications,1002880621,50,2000,2000,1,B,VA,510951000000000.0,882af655b7fffff,51095.0
44164,15336449,280001,Breezeline,1528092066,50,1000,600,1,B,VA,510990000000000.0,882aabd49bfffff,51099.0
33680,3768165,130317,Xfinity,1288797002,50,35,35,1,B,VA,511030000000000.0,882aaba4ddfffff,51103.0
2147,19066034,200014,Cogent Communication,1308275965,50,100000,100000,1,B,VA,511076000000000.0,882aaa85d9fffff,51107.0
42063,3768165,130317,Xfinity,1295969174,50,1000,1000,1,B,VA,511179000000000.0,882a8d6cc5fffff,51117.0
10824,1834696,130360,Cox Communications,1000798330,50,2000,2000,1,B,VA,511277000000000.0,882aab2cd3fffff,51127.0
30,19703131,300049,Eastern Shore of Virginia Broadband Authority,1000672235,50,20000,20000,1,B,VA,511319000000000.0,882af68463fffff,51131.0
47569,3768165,130317,Xfinity,1001257503,50,1000,1000,1,B,VA,511390000000000.0,882aaa783bfffff,51139.0
419,25646373,130235,Spectrum,1001280715,50,1000,500,1,B,VA,511410000000000.0,882a8a2b35fffff,51141.0
49034,3768165,130317,Xfinity,1004593562,50,1000,1000,1,B,VA,511430000000000.0,882a88620bfffff,51143.0
896,3768165,130317,Xfinity,1000573986,50,1000,1000,1,B,VA,511455000000000.0,882a8dd71bfffff,51145.0
5327,3768165,130317,Xfinity,1000364667,50,100,100,1,B,VA,511479000000000.0,882a8d59d3fffff,51147.0
33818,3768165,130317,Xfinity,1000518152,50,200,200,1,B,VA,511499000000000.0,882a8d84e3fffff,51149.0
736,16555849,130982,ZAYO GROUP LLC,1007420757,50,60000,60000,1,B,VA,511539000000000.0,882aaaaacbfffff,51153.0
36558,3768165,130317,Xfinity,1288885410,50,200,200,1,B,VA,511552000000000.0,882a8a565dfffff,51155.0
10757,15336449,280001,Breezeline,1000156619,50,250,20,1,B,VA,511590000000000.0,882aabaa1dfffff,51159.0
650,1834696,130360,Cox Communications,1295980550,50,2000,2000,1,B,VA,511610000000000.0,882a8a953bfffff,51161.0
46234,3768165,130317,Xfinity,1296110415,50,5000,5000,1,B,VA,511650000000000.0,882a8cd98dfffff,51165.0
418,25646373,130235,Spectrum,1001133871,50,1000,500,1,B,VA,511670000000000.0,882a99c4bbfffff,51167.0
20870,3768165,130317,Xfinity,1002471079,50,100,100,1,B,VA,511710000000000.0,882aaa4e23fffff,51171.0
252,25646373,130235,Spectrum,1000560165,50,1000,500,1,B,VA,511752000000000.0,882af2c565fffff,51175.0
3101,1834696,130360,Cox Communications,1004763925,50,2000,2000,1,B,VA,511770000000000.0,882aab52e5fffff,51177.0
649,1834696,130360,Cox Communications,1004468619,50,2000,2000,1,B,VA,511790000000000.0,882aabc8b9fffff,51179.0
8607,25646373,130235,Spectrum,1288809772,50,1000,500,1,B,VA,511839000000000.0,882a8db5c1fffff,51183.0
3003,3768165,130317,Xfinity,1001790179,50,1000,1000,1,B,VA,511870000000000.0,882aaa180bfffff,51187.0
28242,25646373,130235,Spectrum,1002907257,50,1000,500,1,B,VA,511910000000000.0,882a9971e3fffff,51191.0
33819,3768165,130317,Xfinity,1003217029,50,300,300,1,B,VA,511971000000000.0,882a8a4f67fffff,51197.0
7539,3768165,130317,Xfinity,1003615847,50,10000,10000,1,B,VA,515102000000000.0,882aa87869fffff,51510.0
731,3775244,130403,lumos,1005745138,50,5000,5000,1,B,VA,515500000000000.0,882af62037fffff,51550.0
17413,3768165,130317,Xfinity,1001422245,50,1000,1000,1,B,VA,515900000000000.0,882a8b9b4bfffff,51590.0
753,1834696,130360,Cox Communications,1003850367,50,2000,2000,1,B,VA,516500000000000.0,882af63a6bfffff,51650.0
10742,3768165,130317,Xfinity,1000289071,50,1000,1000,1,B,VA,516708000000000.0,882a8d85c7fffff,51670.0
22021,3768165,130317,Xfinity,1005003859,50,2000,2000,1,B,VA,517601000000000.0,882a8d983dfffff,51760.0
4910,1834696,130360,Cox Communications,1000299816,50,2000,2000,1,B,VA,517750000000000.0,882a8a9193fffff,51775.0
3,1834696,130360,Cox Communications,1003294946,50,2000,2000,1,B,VA,518001000000000.0,882af62a25fffff,51800.0
3257,19703131,300049,Eastern Shore of Virginia Broadband Authority,1357207733,50,20000,20000,1,B,VA,518100000000000.0,882af63099fffff,51810.0
3621166,14281588,190435,Citynet LLC,1073933529,50,1000,1000,1,B,WV,540019655004031.0,882a8159cbfffff,54001.0
3628384,29626009,130258,Frontier,1046190359,50,7000,7000,1,B,WV,540039711051006.0,882aae6b17fffff,54003.0
3631247,29626009,130258,Frontier,1073951917,50,7000,7000,1,B,WV,540190209001036.0,882a9d9913fffff,54019.0
3628154,29626009,130258,Frontier,1024525160,50,7000,7000,1,B,WV,540239694002029.0,882a856dd3fffff,54023.0
3628697,29626009,130258,Frontier,1047109506,50,7000,7000,1,B,WV,540259507012012.0,882a8e4ccbfffff,54025.0
3627374,29626009,130258,Frontier,1011726385,50,7000,7000,1,B,WV,540330308011000.0,882a80763bfffff,54033.0
3615306,3768165,130317,Xfinity,1104371846,50,10000,10000,1,B,WV,540379726012024.0,882aaa9969fffff,54037.0
3629357,29626009,130258,Frontier,1062958886,50,7000,7000,1,B,WV,540390115002013.0,882a9ca587fffff,54039.0
3628885,29626009,130258,Frontier,1056609224,50,7000,7000,1,B,WV,540490210011023.0,882a800401fffff,54049.0
3631690,29626009,130258,Frontier,1103959009,50,7000,7000,1,B,WV,540510209002021.0,882a86248dfffff,54051.0
3627111,29626009,130258,Frontier,1011171365,50,7000,7000,1,B,WV,540539551012015.0,882a9cc60bfffff,54053.0
3631946,29626009,130258,Frontier,1139229733,50,7000,7000,1,B,WV,540570104002057.0,882a852907fffff,54057.0
3615336,3768165,130317,Xfinity,1298902602,50,10000,10000,1,B,WV,540610102041001.0,882a801639fffff,54061.0
3628181,29626009,130258,Frontier,1028469949,50,7000,7000,1,B,WV,540679505001056.0,882a832549fffff,54067.0
3628376,29626009,130258,Frontier,1039800066,50,7000,7000,1,B,WV,540739622002031.0,882a82aaadfffff,54073.0
3631327,29626009,130258,Frontier,1087019336,50,7000,7000,1,B,WV,540790202004026.0,882a9c14c5fffff,54079.0
3632523,29626009,130258,Frontier,1316823089,50,7000,7000,1,B,WV,540810015003013.0,882a9d1095fffff,54081.0
3628330,29626009,130258,Frontier,1038014528,50,7000,7000,1,B,WV,540939654002014.0,882a81c8d9fffff,54093.0
3631990,29626009,130258,Frontier,1146095080,50,7000,7000,1,B,WV,540990210002017.0,882a9899d1fffff,54099.0
3632072,29626009,130258,Frontier,1288912160,50,7000,7000,1,B,WV,541030305003039.0,882a8045d3fffff,54103.0
3626949,16555849,130982,ZAYO GROUP LLC,1069819128,50,50000,50000,1,B,WV,541070110002048.0,882a823a27fffff,54107.0
